SONG_ID,audio_path,annotation_path,structure_sequence,duration,num_structures,artist,title
158,datasets/audio/158.mp3,datasets/salami-data-public/annotations/158/textfile1.txt,"[[""intro"", 0.0, 1.160997732], [""intro"", 1.160997732, 13.789841269], [""chorus"", 13.789841269, 23.725873015], [""verse"", 23.725873015, 33.10063492], [""unknown"", 33.10063492, 50.882721088], [""intro"", 50.882721088, 78.674104308], [""unknown"", 78.674104308, 95.151020408], [""verse"", 95.151020408, 112.895419501], [""unknown"", 112.895419501, 132.005442176], [""verse"", 132.005442176, 168.862970521], [""verse"", 168.862970521, 196.511904761], [""verse"", 196.511904761, 217.991836734], [""verse"", 217.991836734, 247.510204081], [""verse"", 247.510204081, 259.858888888], [""chorus"", 259.858888888, 269.730272108], [""unknown"", 269.730272108, 294.719160997], [""verse"", 294.719160997, 313.267845804], [""unknown"", 313.267845804, 332.372471655], [""verse"", 332.372471655, 358.269523809], [""outro"", 358.269523809, 387.897641723], [""unknown"", 387.897641723, 406.517142857], [""intro"", 406.517142857, 433.014126984], [""intro"", 433.014126984, 436.170022675]]",436.1333333333333,23,Unknown,Unknown
37,datasets/audio/37.mp3,datasets/salami-data-public/annotations/37/textfile1.txt,"[[""intro"", 0.394739229, 21.919637188], [""intro"", 21.919637188, 30.696780045], [""chorus"", 30.696780045, 38.661224489], [""bridge"", 38.661224489, 52.825396825], [""verse"", 52.825396825, 62.763537414], [""chorus"", 62.763537414, 78.529886621], [""intro"", 78.529886621, 103.537777777], [""intro"", 103.537777777, 125.666258503], [""intro"", 125.666258503, 135.130702947], [""intro"", 135.130702947, 148.933582766], [""intro"", 148.933582766, 161.866303854], [""intro"", 161.866303854, 171.074739229], [""chorus"", 171.074739229, 190.506281179], [""bridge"", 190.506281179, 199.770544217], [""intro"", 199.770544217, 217.153015873], [""intro"", 217.153015873, 241.378730158], [""intro"", 241.378730158, 251.239909297], [""chorus"", 251.239909297, 261.526349206], [""bridge"", 261.526349206, 274.297324263], [""intro"", 274.297324263, 293.709206349], [""intro"", 293.709206349, 324.986235827], [""intro"", 324.986235827, 336.234376417], [""chorus"", 336.234376417, 343.850362811], [""intro"", 343.850362811, 354.797188208], [""intro"", 354.797188208, 380.331632653], [""intro"", 380.331632653, 383.007823129]]",383.28097916666667,26,Unknown,Unknown
23,datasets/audio/23.mp3,datasets/salami-data-public/annotations/23/textfile1.txt,"[[""intro"", 0.464399092, 7.128526077], [""intro"", 7.128526077, 13.648843537], [""intro"", 13.648843537, 20.13170068], [""verse"", 20.13170068, 26.680997732], [""chorus"", 26.680997732, 33.20877551], [""verse"", 33.20877551, 39.688798185], [""chorus"", 39.688798185, 46.233061224], [""verse"", 46.233061224, 49.644263038], [""intro"", 49.644263038, 56.226757369], [""intro"", 56.226757369, 62.68877551], [""verse"", 62.68877551, 69.268866213], [""chorus"", 69.268866213, 75.816848072], [""verse"", 75.816848072, 82.314739229], [""chorus"", 82.314739229, 88.752811791], [""verse"", 88.752811791, 92.030226757], [""intro"", 92.030226757, 98.561156462], [""chorus"", 98.561156462, 104.992539682], [""verse"", 104.992539682, 111.510045351], [""intro"", 111.510045351, 117.911179138], [""verse"", 117.911179138, 124.408140589], [""chorus"", 124.408140589, 130.985079365], [""verse"", 130.985079365, 137.516530612], [""chorus"", 137.516530612, 144.097959183], [""chorus"", 144.097959183, 147.484807256], [""verse"", 147.484807256, 153.95648526], [""verse"", 153.95648526, 160.426666666], [""intro"", 160.426666666, 166.732448979], [""verse"", 166.732448979, 173.124353741], [""verse"", 173.124353741, 179.513469387], [""intro"", 179.513469387, 193.066349206]]",193.75891666666666,30,Unknown,Unknown
95,datasets/audio/95.mp3,datasets/salami-data-public/annotations/95/textfile1.txt,"[[""intro"", 0.320272108, 16.300408163], [""intro"", 16.300408163, 44.660340136], [""chorus"", 44.660340136, 64.798730158], [""chorus"", 64.798730158, 80.332517006], [""unknown"", 80.332517006, 103.854081632], [""unknown"", 103.854081632, 119.257687074], [""unknown"", 119.257687074, 129.48031746], [""chorus"", 129.48031746, 151.672743764], [""unknown"", 151.672743764, 161.239365079], [""intro"", 161.239365079, 187.661587301], [""intro"", 187.661587301, 188.321587301]]",188.26666666666668,11,Unknown,Unknown
40,datasets/audio/40.mp3,datasets/salami-data-public/annotations/40/textfile1.txt,"[[""intro"", 0.319274376, 10.492040816], [""verse"", 10.492040816, 20.195419501], [""chorus"", 20.195419501, 32.022811791], [""verse"", 32.022811791, 41.638798185], [""chorus"", 41.638798185, 52.569387755], [""chorus"", 52.569387755, 58.73526077], [""bridge"", 58.73526077, 73.443696145], [""chorus"", 73.443696145, 93.011972789], [""unknown"", 93.011972789, 112.804489795], [""verse"", 112.804489795, 141.999682539], [""intro"", 141.999682539, 142.590453514]]",147.06358333333333,11,Unknown,Unknown
19,datasets/audio/19.mp3,datasets/salami-data-public/annotations/19/textfile1.txt,"[[""intro"", 0.264285714, 2.998594104], [""intro"", 2.998594104, 8.349138321], [""verse"", 8.349138321, 13.800430839], [""chorus"", 13.800430839, 19.261473922], [""verse"", 19.261473922, 24.540362811], [""chorus"", 24.540362811, 29.989546485], [""intro"", 29.989546485, 35.309070294], [""verse"", 35.309070294, 40.646530612], [""verse"", 40.646530612, 46.049727891], [""chorus"", 46.049727891, 51.465510204], [""verse"", 51.465510204, 56.729501133], [""chorus"", 56.729501133, 62.185442176], [""verse"", 62.185442176, 67.467278911], [""verse"", 67.467278911, 72.773038548], [""verse"", 72.773038548, 78.162244897], [""chorus"", 78.162244897, 83.497414965], [""verse"", 83.497414965, 88.82861678], [""chorus"", 88.82861678, 94.29909297], [""verse"", 94.29909297, 99.503628117], [""verse"", 99.503628117, 104.747210884], [""verse"", 104.747210884, 110.038956916], [""chorus"", 110.038956916, 115.410725623], [""verse"", 115.410725623, 120.697460317], [""chorus"", 120.697460317, 125.978253968], [""verse"", 125.978253968, 131.155283446], [""intro"", 131.155283446, 136.473514739], [""verse"", 136.473514739, 141.789523809], [""chorus"", 141.789523809, 147.045646258], [""verse"", 147.045646258, 152.32526077], [""chorus"", 152.32526077, 157.677256235], [""intro"", 157.677256235, 162.952630385], [""verse"", 162.952630385, 168.254353741], [""verse"", 168.254353741, 173.493537414], [""chorus"", 173.493537414, 178.805487528], [""verse"", 178.805487528, 184.014285714], [""chorus"", 184.014285714, 189.301451247], [""verse"", 189.301451247, 194.550544217], [""verse"", 194.550544217, 199.820839002], [""verse"", 199.820839002, 205.125442176], [""verse"", 205.125442176, 210.385555555], [""verse"", 210.385555555, 215.117346938], [""intro"", 215.117346938, 218.911564625]]",221.42666666666668,42,Unknown,Unknown
56,datasets/audio/56.mp3,datasets/salami-data-public/annotations/56/textfile1.txt,"[[""intro"", 0.0, 1.486077097], [""intro"", 1.486077097, 4.692244897], [""intro"", 4.692244897, 17.132857142], [""chorus"", 17.132857142, 28.416802721], [""chorus"", 28.416802721, 39.334603174], [""bridge"", 39.334603174, 53.127256235], [""intro"", 53.127256235, 64.69079365], [""unknown"", 64.69079365, 75.401519274], [""unknown"", 75.401519274, 81.529886621], [""bridge"", 81.529886621, 97.500589569], [""verse"", 97.500589569, 109.631473922], [""chorus"", 109.631473922, 119.598321995], [""chorus"", 119.598321995, 144.079818594], [""bridge"", 144.079818594, 160.567800453], [""intro"", 160.567800453, 182.346303854], [""intro"", 182.346303854, 191.895510204]]",191.7968253968254,16,Unknown,Unknown
156,datasets/audio/156.mp3,datasets/salami-data-public/annotations/156/textfile1.txt,"[[""intro"", 0.371519274, 5.357664399], [""chorus"", 5.357664399, 13.630113378], [""chorus"", 13.630113378, 20.723696145], [""verse"", 20.723696145, 26.198730158], [""chorus"", 26.198730158, 33.111723356], [""chorus"", 33.111723356, 40.572494331], [""chorus"", 40.572494331, 48.036802721], [""chorus"", 48.036802721, 55.426734693], [""chorus"", 55.426734693, 66.895827664], [""chorus"", 66.895827664, 71.831678004], [""bridge"", 71.831678004, 75.586303854], [""unknown"", 75.586303854, 80.626553287], [""unknown"", 80.626553287, 83.042721088], [""bridge"", 83.042721088, 89.222811791], [""bridge"", 89.222811791, 92.887777777], [""unknown"", 92.887777777, 97.894149659], [""unknown"", 97.894149659, 105.426303854], [""unknown"", 105.426303854, 110.494739229], [""unknown"", 110.494739229, 115.615419501], [""intro"", 115.615419501, 122.116235827], [""unknown"", 122.116235827, 128.777482993], [""intro"", 128.777482993, 133.960181405], [""intro"", 133.960181405, 139.15648526], [""unknown"", 139.15648526, 144.095691609], [""intro"", 144.095691609, 150.719954648], [""chorus"", 150.719954648, 155.747346938], [""bridge"", 155.747346938, 159.537482993], [""unknown"", 159.537482993, 164.67063492], [""unknown"", 164.67063492, 168.505736961], [""bridge"", 168.505736961, 173.531247165], [""bridge"", 173.531247165, 177.31877551], [""unknown"", 177.31877551, 182.385034013], [""unknown"", 182.385034013, 190.050340136], [""unknown"", 190.050340136, 195.190657596], [""unknown"", 195.190657596, 200.377482993], [""intro"", 200.377482993, 206.958843537], [""unknown"", 206.958843537, 213.366394557], [""intro"", 213.366394557, 218.520521541], [""intro"", 218.520521541, 223.711473922], [""unknown"", 223.711473922, 228.625759637], [""chorus"", 228.625759637, 237.826077097], [""intro"", 237.826077097, 245.619319727], [""unknown"", 245.619319727, 253.61063492], [""unknown"", 253.61063492, 261.813492063], [""unknown"", 261.813492063, 268.167256235], [""unknown"", 268.167256235, 274.738503401], [""unknown"", 274.738503401, 278.679954648], [""unknown"", 278.679954648, 286.471655328], [""unknown"", 286.471655328, 296.868866213], [""verse"", 296.868866213, 301.840748299], [""bridge"", 301.840748299, 305.589138321], [""unknown"", 305.589138321, 310.571224489], [""unknown"", 310.571224489, 315.644716553], [""unknown"", 315.644716553, 324.48324263], [""bridge"", 324.48324263, 329.443038548], [""bridge"", 329.443038548, 333.094399092], [""unknown"", 333.094399092, 338.083492063], [""unknown"", 338.083492063, 345.541088435], [""unknown"", 345.541088435, 350.572040816], [""unknown"", 350.572040816, 353.019047619], [""unknown"", 353.019047619, 360.755918367], [""bridge"", 360.755918367, 365.840204081], [""unknown"", 365.840204081, 374.849841269], [""verse"", 374.849841269, 380.067845804], [""unknown"", 380.067845804, 382.590362811], [""intro"", 382.590362811, 388.794920634], [""intro"", 388.794920634, 393.038367346]]",393.1138321995465,67,Unknown,Unknown
50,datasets/audio/50.mp3,datasets/salami-data-public/annotations/50/textfile1.txt,"[[""intro"", 0.326530612, 7.559365079], [""chorus"", 7.559365079, 15.265306122], [""chorus"", 15.265306122, 22.911655328], [""bridge"", 22.911655328, 30.45861678], [""unknown"", 30.45861678, 38.081950113], [""intro"", 38.081950113, 45.841269841], [""verse"", 45.841269841, 53.436734693], [""chorus"", 53.436734693, 61.319841269], [""chorus"", 61.319841269, 68.85585034], [""bridge"", 68.85585034, 76.279886621], [""unknown"", 76.279886621, 83.967346938], [""unknown"", 83.967346938, 91.624489795], [""verse"", 91.624489795, 99.279841269], [""chorus"", 99.279841269, 106.971428571], [""chorus"", 106.971428571, 114.647823129], [""bridge"", 114.647823129, 122.458253968], [""unknown"", 122.458253968, 130.247823129], [""verse"", 130.247823129, 138.024489795], [""intro"", 138.024489795, 145.654761904], [""chorus"", 145.654761904, 153.044897959], [""chorus"", 153.044897959, 160.894535147], [""bridge"", 160.894535147, 168.495192743], [""unknown"", 168.495192743, 176.179591836], [""intro"", 176.179591836, 186.942993197], [""intro"", 186.942993197, 189.895941043]]",190.05532879818594,25,Unknown,Unknown
26,datasets/audio/26.mp3,datasets/salami-data-public/annotations/26/textfile1.txt,"[[""intro"", 0.361224489, 10.710204081], [""intro"", 10.710204081, 20.718752834], [""intro"", 20.718752834, 30.950929705], [""unknown"", 30.950929705, 41.403673469], [""intro"", 41.403673469, 52.151043083], [""intro"", 52.151043083, 63.181111111], [""intro"", 63.181111111, 74.317142857], [""intro"", 74.317142857, 85.535668934], [""intro"", 85.535668934, 97.100136054], [""unknown"", 97.100136054, 108.557619047], [""intro"", 108.557619047, 120.107301587], [""intro"", 120.107301587, 131.747573696], [""intro"", 131.747573696, 143.452494331], [""intro"", 143.452494331, 155.154217687], [""intro"", 155.154217687, 167.353741496], [""unknown"", 167.353741496, 178.984013605], [""verse"", 178.984013605, 190.938662131], [""unknown"", 190.938662131, 202.527913832], [""chorus"", 202.527913832, 214.355918367], [""intro"", 214.355918367, 226.122403628], [""intro"", 226.122403628, 238.136757369], [""unknown"", 238.136757369, 250.023333333], [""intro"", 250.023333333, 262.178684807], [""intro"", 262.178684807, 274.213265306], [""intro"", 274.213265306, 286.193106575], [""intro"", 286.193106575, 301.905827664], [""verse"", 301.905827664, 311.482131519], [""intro"", 311.482131519, 314.548072562]]",311.4492517006803,28,Unknown,Unknown
164,datasets/audio/164.mp3,datasets/salami-data-public/annotations/164/textfile1.txt,"[[""intro"", 0.0, 1.021678004], [""intro"", 1.021678004, 14.397845804], [""verse"", 14.397845804, 27.559183673], [""verse"", 27.559183673, 41.023151927], [""chorus"", 41.023151927, 54.91478458], [""verse"", 54.91478458, 68.940589569], [""verse"", 68.940589569, 89.338503401], [""verse"", 89.338503401, 103.075419501], [""verse"", 103.075419501, 116.512653061], [""verse"", 116.512653061, 130.156031746], [""verse"", 130.156031746, 144.033854875], [""chorus"", 144.033854875, 169.240816326], [""chorus"", 169.240816326, 179.434263038], [""bridge"", 179.434263038, 190.127278911], [""chorus"", 190.127278911, 202.182108843], [""bridge"", 202.182108843, 211.004081632], [""unknown"", 211.004081632, 221.147188208], [""unknown"", 221.147188208, 227.447687074], [""unknown"", 227.447687074, 232.593809523], [""unknown"", 232.593809523, 237.703333333], [""unknown"", 237.703333333, 242.813673469], [""unknown"", 242.813673469, 248.015827664], [""unknown"", 248.015827664, 255.665714285], [""intro"", 255.665714285, 261.007800453], [""intro"", 261.007800453, 267.63802721], [""unknown"", 267.63802721, 273.084104308], [""unknown"", 273.084104308, 278.56079365], [""bridge"", 278.56079365, 284.296802721], [""chorus"", 284.296802721, 291.412698412], [""unknown"", 291.412698412, 297.091156462], [""unknown"", 297.091156462, 304.911768707], [""unknown"", 304.911768707, 311.490226757], [""unknown"", 311.490226757, 318.183265306], [""unknown"", 318.183265306, 325.874875283], [""intro"", 325.874875283, 328.644920634], [""intro"", 328.644920634, 331.282879818], [""intro"", 331.282879818, 333.972743764], [""chorus"", 333.972743764, 341.294331065], [""unknown"", 341.294331065, 346.906575963], [""unknown"", 346.906575963, 352.554331065], [""intro"", 352.554331065, 357.860702947], [""intro"", 357.860702947, 363.233809523], [""unknown"", 363.233809523, 368.405691609], [""unknown"", 368.405691609, 373.640498866], [""unknown"", 373.640498866, 379.064716553], [""unknown"", 379.064716553, 385.440408163], [""chorus"", 385.440408163, 397.895487528], [""bridge"", 397.895487528, 406.98170068], [""chorus"", 406.98170068, 418.906734693], [""bridge"", 418.906734693, 427.766281179], [""unknown"", 427.766281179, 437.938684807], [""unknown"", 437.938684807, 444.39462585], [""unknown"", 444.39462585, 448.314988662], [""unknown"", 448.314988662, 453.465170068], [""unknown"", 453.465170068, 458.665646258], [""unknown"", 458.665646258, 463.846371882], [""unknown"", 463.846371882, 471.609818594], [""intro"", 471.609818594, 476.848231292], [""intro"", 476.848231292, 483.428163265], [""unknown"", 483.428163265, 489.043469387], [""unknown"", 489.043469387, 494.686575963], [""bridge"", 494.686575963, 500.422857142], [""bridge"", 500.422857142, 507.642630385], [""unknown"", 507.642630385, 513.175510204], [""unknown"", 513.175510204, 521.006621315], [""unknown"", 521.006621315, 527.706371882], [""unknown"", 527.706371882, 534.441632653], [""unknown"", 534.441632653, 543.281632653], [""unknown"", 543.281632653, 548.527188208], [""unknown"", 548.527188208, 552.565306122], [""intro"", 552.565306122, 559.771428571], [""intro"", 559.771428571, 564.741224489]]",564.7066666666667,72,Unknown,Unknown
16,datasets/audio/16.mp3,datasets/salami-data-public/annotations/16/textfile1.txt,"[[""intro"", 0.122448979, 6.308276643], [""intro"", 6.308276643, 18.666734693], [""chorus"", 18.666734693, 30.951020408], [""bridge"", 30.951020408, 43.203877551], [""bridge"", 43.203877551, 55.525600907], [""chorus"", 55.525600907, 67.800521541], [""chorus"", 67.800521541, 80.0592517], [""verse"", 80.0592517, 92.333990929], [""unknown"", 92.333990929, 104.632834467], [""unknown"", 104.632834467, 116.891587301], [""unknown"", 116.891587301, 129.179977324], [""intro"", 129.179977324, 141.42095238], [""chorus"", 141.42095238, 153.730589569], [""unknown"", 153.730589569, 166.001043083], [""intro"", 166.001043083, 178.306190476], [""intro"", 178.306190476, 190.568752834], [""intro"", 190.568752834, 202.824512471], [""unknown"", 202.824512471, 215.146938775], [""unknown"", 215.146938775, 227.409773242], [""chorus"", 227.409773242, 239.699705215], [""chorus"", 239.699705215, 251.970816326], [""unknown"", 251.970816326, 264.251836734], [""chorus"", 264.251836734, 276.516757369], [""intro"", 276.516757369, 293.657437641], [""intro"", 293.657437641, 301.107346938]]",299.06666666666666,25,Unknown,Unknown
11,datasets/audio/11.mp3,datasets/salami-data-public/annotations/11/textfile1.txt,"[[""intro"", 0.224489795, 11.085714285], [""verse"", 11.085714285, 21.289795918], [""intro"", 21.289795918, 31.507460317], [""verse"", 31.507460317, 41.759183673], [""unknown"", 41.759183673, 52.047346938], [""verse"", 52.047346938, 62.310204081], [""intro"", 62.310204081, 72.608163265], [""intro"", 72.608163265, 82.914285714], [""unknown"", 82.914285714, 93.15510204], [""verse"", 93.15510204, 103.465306122], [""intro"", 103.465306122, 113.759183673], [""intro"", 113.759183673, 124.085714285], [""intro"", 124.085714285, 134.485306122], [""outro"", 134.485306122, 144.697755102], [""intro"", 144.697755102, 154.836734693], [""verse"", 154.836734693, 165.048979591], [""verse"", 165.048979591, 175.27755102], [""unknown"", 175.27755102, 180.408163265], [""verse"", 180.408163265, 190.636734693], [""intro"", 190.636734693, 200.844897959], [""verse"", 200.844897959, 210.983673469], [""verse"", 210.983673469, 218.708752834], [""intro"", 218.708752834, 222.044807256]]",222.26141666666666,23,Unknown,Unknown
53,datasets/audio/53.mp3,datasets/salami-data-public/annotations/53/textfile1.txt,"[[""intro"", 0.116099773, 7.875442176], [""chorus"", 7.875442176, 15.014489795], [""chorus"", 15.014489795, 22.173446712], [""intro"", 22.173446712, 29.226734693], [""chorus"", 29.226734693, 36.343809523], [""chorus"", 36.343809523, 43.552222222], [""verse"", 43.552222222, 50.645646258], [""chorus"", 50.645646258, 57.847369614], [""chorus"", 57.847369614, 64.950816326], [""verse"", 64.950816326, 72.169138321], [""chorus"", 72.169138321, 79.311723356], [""chorus"", 79.311723356, 86.434489795], [""verse"", 86.434489795, 93.668730158], [""chorus"", 93.668730158, 100.833696145], [""chorus"", 100.833696145, 108.07956916], [""verse"", 108.07956916, 115.218480725], [""chorus"", 115.218480725, 122.432403628], [""chorus"", 122.432403628, 129.599727891], [""verse"", 129.599727891, 136.812879818], [""chorus"", 136.812879818, 143.990249433], [""chorus"", 143.990249433, 151.215578231], [""intro"", 151.215578231, 158.431156462], [""chorus"", 158.431156462, 165.700272108], [""chorus"", 165.700272108, 172.738185941], [""verse"", 172.738185941, 180.081179138], [""chorus"", 180.081179138, 187.377256235], [""chorus"", 187.377256235, 194.597596371], [""verse"", 194.597596371, 201.876235827], [""chorus"", 201.876235827, 209.090861678], [""chorus"", 209.090861678, 216.305442176], [""intro"", 216.305442176, 223.514149659], [""chorus"", 223.514149659, 230.736802721], [""chorus"", 230.736802721, 237.961972789], [""intro"", 237.961972789, 245.020861678], [""chorus"", 245.020861678, 252.150884353], [""chorus"", 252.150884353, 259.174716553], [""verse"", 259.174716553, 266.386462585], [""verse"", 266.386462585, 275.175873015]]",273.86777083333334,38,Unknown,Unknown
7,datasets/audio/7.mp3,datasets/salami-data-public/annotations/7/textfile1.txt,"[[""intro"", 0.143673469, 3.661337868], [""chorus"", 3.661337868, 7.261655328], [""intro"", 7.261655328, 21.539637188], [""chorus"", 21.539637188, 35.769909297], [""intro"", 35.769909297, 50.005283446], [""intro"", 50.005283446, 64.170816326], [""intro"", 64.170816326, 78.400272108], [""intro"", 78.400272108, 92.604535147], [""intro"", 92.604535147, 106.795827664], [""intro"", 106.795827664, 121.018117913], [""intro"", 121.018117913, 135.214535147], [""intro"", 135.214535147, 149.391995464], [""verse"", 149.391995464, 163.599773242], [""unknown"", 163.599773242, 177.810816326], [""intro"", 177.810816326, 192.000907029], [""intro"", 192.000907029, 206.159705215], [""intro"", 206.159705215, 214.347664399], [""intro"", 214.347664399, 218.638390022]]",219.64916666666667,18,Unknown,Unknown
128,datasets/audio/128.mp3,datasets/salami-data-public/annotations/128/textfile1.txt,"[[""intro"", 0.383129251, 6.953174603], [""verse"", 6.953174603, 13.682290249], [""intro"", 13.682290249, 20.339637188], [""verse"", 20.339637188, 26.99324263], [""verse"", 26.99324263, 33.831383219], [""chorus"", 33.831383219, 40.471405895], [""verse"", 40.471405895, 47.138843537], [""chorus"", 47.138843537, 53.784512471], [""intro"", 53.784512471, 60.739365079], [""verse"", 60.739365079, 67.482108843], [""chorus"", 67.482108843, 74.117460317], [""chorus"", 74.117460317, 80.561995464], [""chorus"", 80.561995464, 86.923446712], [""chorus"", 86.923446712, 93.505306122], [""intro"", 93.505306122, 100.337687074], [""verse"", 100.337687074, 107.306621315], [""intro"", 107.306621315, 114.053990929], [""verse"", 114.053990929, 126.014671201]]",125.0,18,Unknown,Unknown
31,datasets/audio/31.mp3,datasets/salami-data-public/annotations/31/textfile1.txt,"[[""intro"", 0.162539682, 2.527641723], [""intro"", 2.527641723, 7.414217687], [""verse"", 7.414217687, 12.179659863], [""chorus"", 12.179659863, 19.296961451], [""verse"", 19.296961451, 23.913492063], [""chorus"", 23.913492063, 28.304444444], [""chorus"", 28.304444444, 32.712585034], [""bridge"", 32.712585034, 36.976530612], [""verse"", 36.976530612, 41.432562358], [""chorus"", 41.432562358, 46.917981859], [""verse"", 46.917981859, 51.248548752], [""chorus"", 51.248548752, 55.576780045], [""chorus"", 55.576780045, 59.552063492], [""bridge"", 59.552063492, 63.984263038], [""verse"", 63.984263038, 68.36802721], [""chorus"", 68.36802721, 71.71185941], [""verse"", 71.71185941, 75.92356009], [""chorus"", 75.92356009, 80.119954648], [""chorus"", 80.119954648, 84.26494331], [""bridge"", 84.26494331, 88.384421768], [""verse"", 88.384421768, 92.591950113], [""chorus"", 92.591950113, 98.184376417], [""verse"", 98.184376417, 102.044875283], [""chorus"", 102.044875283, 106.392471655], [""chorus"", 106.392471655, 110.568072562], [""bridge"", 110.568072562, 114.616122448], [""verse"", 114.616122448, 118.795555555], [""chorus"", 118.795555555, 124.848866213], [""verse"", 124.848866213, 128.912086167], [""chorus"", 128.912086167, 133.036281179], [""verse"", 133.036281179, 136.511791383], [""intro"", 136.511791383, 140.020362811], [""intro"", 140.020362811, 143.367777777]]",143.59510416666666,33,Unknown,Unknown
32,datasets/audio/32.mp3,datasets/salami-data-public/annotations/32/textfile1.txt,"[[""intro"", 0.02031746, 6.408707482], [""unknown"", 6.408707482, 12.061768707], [""chorus"", 12.061768707, 19.33861678], [""intro"", 19.33861678, 24.897800453], [""unknown"", 24.897800453, 30.28941043], [""intro"", 30.28941043, 37.181428571], [""intro"", 37.181428571, 42.734240362], [""unknown"", 42.734240362, 48.155759637], [""chorus"", 48.155759637, 55.072970521], [""verse"", 55.072970521, 60.547823129], [""unknown"", 60.547823129, 66.004058956], [""chorus"", 66.004058956, 71.556190476], [""verse"", 71.556190476, 77.125306122], [""unknown"", 77.125306122, 82.420045351], [""chorus"", 82.420045351, 89.430204081], [""intro"", 89.430204081, 94.605351473], [""unknown"", 94.605351473, 100.072562358], [""chorus"", 100.072562358, 106.750022675], [""unknown"", 106.750022675, 112.09324263], [""unknown"", 112.09324263, 117.37340136], [""intro"", 117.37340136, 124.053333333], [""intro"", 124.053333333, 129.391405895], [""unknown"", 129.391405895, 134.7330839], [""chorus"", 134.7330839, 141.43015873], [""verse"", 141.43015873, 146.813038548], [""unknown"", 146.813038548, 152.029297052], [""chorus"", 152.029297052, 157.326281179], [""verse"", 157.326281179, 162.560362811], [""unknown"", 162.560362811, 167.955124716], [""intro"", 167.955124716, 174.483492063], [""intro"", 174.483492063, 179.675328798], [""unknown"", 179.675328798, 184.788571428], [""intro"", 184.788571428, 197.439274376]]",205.961,33,Unknown,Unknown
5,datasets/audio/5.mp3,datasets/salami-data-public/annotations/5/textfile1.txt,"[[""intro"", 0.0, 5.995374149], [""intro"", 5.995374149, 11.72941043], [""bridge"", 11.72941043, 17.438843537], [""verse"", 17.438843537, 23.119365079], [""unknown"", 23.119365079, 28.871156462], [""unknown"", 28.871156462, 34.573446712], [""intro"", 34.573446712, 40.328820861], [""intro"", 40.328820861, 46.051995464], [""unknown"", 46.051995464, 51.710272108], [""intro"", 51.710272108, 57.383038548], [""verse"", 57.383038548, 63.170907029], [""unknown"", 63.170907029, 68.847165532], [""intro"", 68.847165532, 74.584331065], [""chorus"", 74.584331065, 80.303038548], [""unknown"", 80.303038548, 86.005759637], [""unknown"", 86.005759637, 91.728140589], [""verse"", 91.728140589, 97.438072562], [""intro"", 97.438072562, 103.157823129], [""unknown"", 103.157823129, 108.891972789], [""unknown"", 108.891972789, 114.598004535], [""unknown"", 114.598004535, 120.32585034], [""verse"", 120.32585034, 126.015215419], [""unknown"", 126.015215419, 131.7492517], [""intro"", 131.7492517, 137.455147392], [""verse"", 137.455147392, 143.140680272], [""unknown"", 143.140680272, 148.866825396], [""intro"", 148.866825396, 154.573038548], [""verse"", 154.573038548, 160.322358276], [""verse"", 160.322358276, 166.064693877], [""verse"", 166.064693877, 171.732131519], [""intro"", 171.732131519, 177.466553287], [""verse"", 177.466553287, 183.226553287], [""verse"", 183.226553287, 188.906712018], [""intro"", 188.906712018, 194.618412698], [""intro"", 194.618412698, 200.314376417], [""verse"", 200.314376417, 206.05047619], [""verse"", 206.05047619, 211.775510204], [""verse"", 211.775510204, 217.422426303], [""intro"", 217.422426303, 223.18632653], [""verse"", 223.18632653, 228.97079365], [""verse"", 228.97079365, 234.682471655], [""verse"", 234.682471655, 240.386394557], [""verse"", 240.386394557, 246.075170068], [""verse"", 246.075170068, 251.778684807], [""verse"", 251.778684807, 255.35510204], [""intro"", 255.35510204, 256.93201814]]",257.5209791666667,46,Unknown,Unknown
59,datasets/audio/59.mp3,datasets/salami-data-public/annotations/59/textfile1.txt,"[[""intro"", 0.232199546, 14.895691609], [""intro"", 14.895691609, 30.185941043], [""chorus"", 30.185941043, 44.605532879], [""bridge"", 44.605532879, 67.097732426], [""chorus"", 67.097732426, 76.899546485], [""intro"", 76.899546485, 86.215691609], [""bridge"", 86.215691609, 92.888321995], [""unknown"", 92.888321995, 98.221337868], [""unknown"", 98.221337868, 114.400521541], [""unknown"", 114.400521541, 120.024739229], [""intro"", 120.024739229, 126.960294784], [""intro"", 126.960294784, 134.334013605], [""intro"", 134.334013605, 139.499070294], [""unknown"", 139.499070294, 147.092471655], [""unknown"", 147.092471655, 159.023469387], [""unknown"", 159.023469387, 164.027414965], [""unknown"", 164.027414965, 169.48941043], [""intro"", 169.48941043, 174.045124716], [""outro"", 174.045124716, 178.477188208], [""outro"", 178.477188208, 185.049342403], [""chorus"", 185.049342403, 194.304580498], [""intro"", 194.304580498, 207.330975056], [""unknown"", 207.330975056, 222.215011337], [""unknown"", 222.215011337, 245.672199546], [""intro"", 245.672199546, 254.212063492], [""intro"", 254.212063492, 266.978321995]]",254.08,26,Unknown,Unknown
152,datasets/audio/152.mp3,datasets/salami-data-public/annotations/152/textfile1.txt,"[[""intro"", 0.0, 1.103628117], [""intro"", 1.103628117, 7.922199546], [""intro"", 7.922199546, 14.664149659], [""intro"", 14.664149659, 21.436757369], [""chorus"", 21.436757369, 27.963605442], [""intro"", 27.963605442, 30.987755102], [""verse"", 30.987755102, 37.37154195], [""unknown"", 37.37154195, 44.003854875], [""unknown"", 44.003854875, 54.908526077], [""intro"", 54.908526077, 61.604376417], [""chorus"", 61.604376417, 68.405170068], [""intro"", 68.405170068, 71.706213151], [""verse"", 71.706213151, 78.067823129], [""unknown"", 78.067823129, 84.868072562], [""unknown"", 84.868072562, 94.563265306], [""verse"", 94.563265306, 102.041337868], [""unknown"", 102.041337868, 108.657596371], [""intro"", 108.657596371, 115.164603174], [""unknown"", 115.164603174, 121.834104308], [""verse"", 121.834104308, 128.24510204], [""unknown"", 128.24510204, 134.786507936], [""unknown"", 134.786507936, 148.579115646], [""verse"", 148.579115646, 156.665510204], [""unknown"", 156.665510204, 163.407165532], [""intro"", 163.407165532, 169.846213151], [""unknown"", 169.846213151, 176.580045351], [""verse"", 176.580045351, 183.086734693], [""unknown"", 183.086734693, 189.79095238], [""intro"", 189.79095238, 210.931360544], [""intro"", 210.931360544, 223.044829931]]",223.0,30,Unknown,Unknown
22,datasets/audio/22.mp3,datasets/salami-data-public/annotations/22/textfile1.txt,"[[""intro"", 0.208979591, 1.184217687], [""intro"", 1.184217687, 7.907074829], [""intro"", 7.907074829, 14.538117913], [""verse"", 14.538117913, 21.306802721], [""intro"", 21.306802721, 27.97802721], [""verse"", 27.97802721, 34.689977324], [""intro"", 34.689977324, 41.4261678], [""verse"", 41.4261678, 48.146258503], [""intro"", 48.146258503, 54.844807256], [""verse"", 54.844807256, 61.579024943], [""intro"", 61.579024943, 68.234036281], [""verse"", 68.234036281, 74.922086167], [""intro"", 74.922086167, 81.570929705], [""verse"", 81.570929705, 88.342494331], [""intro"", 88.342494331, 94.874104308], [""verse"", 94.874104308, 101.522108843], [""unknown"", 101.522108843, 108.170340136], [""unknown"", 108.170340136, 114.847528344], [""unknown"", 114.847528344, 121.354172335], [""verse"", 121.354172335, 127.90600907], [""intro"", 127.90600907, 134.490839002], [""verse"", 134.490839002, 141.143741496], [""intro"", 141.143741496, 147.554081632], [""verse"", 147.554081632, 154.23526077], [""chorus"", 154.23526077, 160.826417233], [""verse"", 160.826417233, 167.490680272], [""chorus"", 167.490680272, 173.978820861], [""chorus"", 173.978820861, 180.578004535], [""intro"", 180.578004535, 187.121882086], [""verse"", 187.121882086, 193.745736961], [""unknown"", 193.745736961, 200.321882086], [""unknown"", 200.321882086, 206.833809523], [""unknown"", 206.833809523, 213.362131519], [""verse"", 213.362131519, 219.929977324], [""intro"", 219.929977324, 226.545736961], [""verse"", 226.545736961, 233.098253968], [""intro"", 233.098253968, 239.513786848], [""verse"", 239.513786848, 246.105804988], [""intro"", 246.105804988, 252.665804988], [""verse"", 252.665804988, 259.279365079], [""intro"", 259.279365079, 265.786507936], [""verse"", 265.786507936, 272.400453514], [""intro"", 272.400453514, 279.057414965], [""intro"", 279.057414965, 291.976825396], [""intro"", 291.976825396, 295.725827664]]",295.84544217687073,45,Unknown,Unknown
108,datasets/audio/108.mp3,datasets/salami-data-public/annotations/108/textfile1.txt,"[[""intro"", 0.0, 1.811156462], [""intro"", 1.811156462, 17.036507936], [""chorus"", 17.036507936, 25.266507936], [""chorus"", 25.266507936, 38.434557823], [""bridge"", 38.434557823, 46.395578231], [""unknown"", 46.395578231, 59.417414965], [""bridge"", 59.417414965, 66.896689342], [""unknown"", 66.896689342, 74.744399092], [""unknown"", 74.744399092, 88.537641723], [""unknown"", 88.537641723, 97.907777777], [""intro"", 97.907777777, 111.135691609], [""unknown"", 111.135691609, 125.991473922], [""verse"", 125.991473922, 129.951904761], [""unknown"", 129.951904761, 138.066077097], [""unknown"", 138.066077097, 146.325804988], [""unknown"", 146.325804988, 154.989546485], [""unknown"", 154.989546485, 167.459229024], [""outro"", 167.459229024, 175.376235827], [""unknown"", 175.376235827, 195.087460317], [""verse"", 195.087460317, 202.406054421], [""unknown"", 202.406054421, 228.359954648], [""unknown"", 228.359954648, 248.430294784], [""unknown"", 248.430294784, 260.295691609], [""verse"", 260.295691609, 274.125691609], [""chorus"", 274.125691609, 285.731723356], [""chorus"", 285.731723356, 297.618185941], [""unknown"", 297.618185941, 320.110294784], [""unknown"", 320.110294784, 329.811927437], [""unknown"", 329.811927437, 344.030725623], [""verse"", 344.030725623, 352.770204081], [""unknown"", 352.770204081, 363.787029478], [""unknown"", 363.787029478, 381.201995464], [""unknown"", 381.201995464, 400.201133786], [""intro"", 400.201133786, 423.276553287], [""intro"", 423.276553287, 431.934693877]]",432.92735416666665,35,Unknown,Unknown
38,datasets/audio/38.mp3,datasets/salami-data-public/annotations/38/textfile1.txt,"[[""unknown"", 0.116099773, 2.348979591], [""verse"", 2.348979591, 15.465941043], [""verse"", 15.465941043, 29.071383219], [""verse"", 29.071383219, 42.565646258], [""chorus"", 42.565646258, 48.436825396], [""verse"", 48.436825396, 61.942040816], [""verse"", 61.942040816, 76.33893424], [""chorus"", 76.33893424, 88.698367346], [""verse"", 88.698367346, 102.037528344], [""unknown"", 102.037528344, 137.624036281]]",137.85687074829931,10,Unknown,Unknown
14,datasets/audio/14.mp3,datasets/salami-data-public/annotations/14/textfile1.txt,"[[""unknown"", 0.020408163, 3.018594104], [""intro"", 3.018594104, 9.238639455], [""intro"", 9.238639455, 15.505124716], [""verse"", 15.505124716, 21.757097505], [""verse"", 21.757097505, 28.0061678], [""verse"", 28.0061678, 34.258140589], [""verse"", 34.258140589, 40.495600907], [""verse"", 40.495600907, 46.753378684], [""chorus"", 46.753378684, 53.022766439], [""chorus"", 53.022766439, 59.260226757], [""chorus"", 59.260226757, 65.529614512], [""chorus"", 65.529614512, 71.761269841], [""bridge"", 71.761269841, 78.027755102], [""bridge"", 78.027755102, 84.271020408], [""unknown"", 84.271020408, 90.522993197], [""verse"", 90.522993197, 96.801088435], [""unknown"", 96.801088435, 103.026938775], [""unknown"", 103.026938775, 109.273106575], [""unknown"", 109.273106575, 115.545396825], [""verse"", 115.545396825, 121.771247165], [""unknown"", 121.771247165, 128.046439909], [""unknown"", 128.046439909, 140.524263038], [""intro"", 140.524263038, 146.773333333], [""intro"", 146.773333333, 153.063038548], [""intro"", 153.063038548, 159.271473922], [""verse"", 159.271473922, 165.027120181], [""intro"", 165.027120181, 170.893061224], [""unknown"", 170.893061224, 177.15664399], [""chorus"", 177.15664399, 183.414421768], [""intro"", 183.414421768, 189.657687074], [""verse"", 189.657687074, 195.906757369], [""unknown"", 195.906757369, 202.161632653], [""unknown"", 202.161632653, 208.407800453], [""outro"", 208.407800453, 214.680090702], [""chorus"", 214.680090702, 220.908843537], [""unknown"", 220.908843537, 227.175328798], [""unknown"", 227.175328798, 233.412789115], [""verse"", 233.412789115, 239.677074829], [""intro"", 239.677074829, 248.24585034]]",255.81822916666667,39,Unknown,Unknown
99,datasets/audio/99.mp3,datasets/salami-data-public/annotations/99/textfile1.txt,"[[""intro"", 0.0, 1.25292517], [""intro"", 1.25292517, 18.481632653], [""verse"", 18.481632653, 29.429795918], [""chorus"", 29.429795918, 36.257664399], [""chorus"", 36.257664399, 45.801995464], [""bridge"", 45.801995464, 58.362380952], [""chorus"", 58.362380952, 75.766712018], [""unknown"", 75.766712018, 82.454058956], [""bridge"", 82.454058956, 90.840816326], [""unknown"", 90.840816326, 99.707120181], [""intro"", 99.707120181, 109.482086167], [""unknown"", 109.482086167, 117.58585034], [""unknown"", 117.58585034, 124.696961451], [""unknown"", 124.696961451, 135.047256235], [""unknown"", 135.047256235, 144.590657596], [""verse"", 144.590657596, 156.874013605], [""unknown"", 156.874013605, 163.561360544], [""unknown"", 163.561360544, 173.08154195], [""intro"", 173.08154195, 185.016598639], [""intro"", 185.016598639, 192.031678004]]",193.14358276643992,20,Unknown,Unknown
170,datasets/audio/170.mp3,datasets/salami-data-public/annotations/170/textfile1.txt,"[[""intro"", 0.0, 0.534058956], [""intro"", 0.534058956, 18.149070294], [""chorus"", 18.149070294, 35.797006802], [""intro"", 35.797006802, 52.180748299], [""chorus"", 52.180748299, 69.221111111], [""chorus"", 69.221111111, 85.204761904], [""bridge"", 85.204761904, 97.639115646], [""chorus"", 97.639115646, 106.068843537], [""unknown"", 106.068843537, 120.402970521], [""unknown"", 120.402970521, 130.232154195], [""unknown"", 130.232154195, 133.234875283], [""intro"", 133.234875283, 150.771836734], [""chorus"", 150.771836734, 164.241723356], [""unknown"", 164.241723356, 181.369637188], [""chorus"", 181.369637188, 188.793628117], [""unknown"", 188.793628117, 196.201587301], [""intro"", 196.201587301, 203.689818594], [""unknown"", 203.689818594, 207.659274376], [""intro"", 207.659274376, 219.490612244], [""outro"", 219.490612244, 224.448526077], [""intro"", 224.448526077, 241.952653061], [""chorus"", 241.952653061, 255.737460317], [""intro"", 255.737460317, 264.744829931], [""chorus"", 264.744829931, 295.057800453], [""outro"", 295.057800453, 310.474489795]]",313.0,25,Unknown,Unknown
3,datasets/audio/3.mp3,datasets/salami-data-public/annotations/3/textfile1.txt,"[[""intro"", 0.394739229, 8.476712018], [""chorus"", 8.476712018, 16.181133786], [""intro"", 16.181133786, 24.020839002], [""chorus"", 24.020839002, 31.836666666], [""intro"", 31.836666666, 39.724693877], [""bridge"", 39.724693877, 47.292630385], [""verse"", 47.292630385, 55.268707482], [""unknown"", 55.268707482, 63.060521541], [""chorus"", 63.060521541, 70.88802721], [""unknown"", 70.88802721, 78.846371882], [""chorus"", 78.846371882, 86.53430839], [""unknown"", 86.53430839, 94.173877551], [""chorus"", 94.173877551, 101.966099773], [""unknown"", 101.966099773, 109.646802721], [""intro"", 109.646802721, 113.494217687], [""intro"", 113.494217687, 117.382585034], [""verse"", 117.382585034, 125.025147392], [""unknown"", 125.025147392, 132.737981859], [""chorus"", 132.737981859, 140.502108843], [""unknown"", 140.502108843, 148.150272108], [""chorus"", 148.150272108, 155.790249433], [""unknown"", 155.790249433, 163.390385487], [""chorus"", 163.390385487, 171.05446712], [""unknown"", 171.05446712, 178.686258503], [""chorus"", 178.686258503, 186.302244897], [""unknown"", 186.302244897, 193.878435374], [""chorus"", 193.878435374, 197.694195011], [""outro"", 197.694195011, 201.41755102], [""verse"", 201.41755102, 209.030861678], [""unknown"", 209.030861678, 216.646507936], [""intro"", 216.646507936, 224.262108843], [""unknown"", 224.262108843, 231.790272108], [""intro"", 231.790272108, 239.246303854], [""unknown"", 239.246303854, 246.765963718], [""intro"", 246.765963718, 254.393990929], [""unknown"", 254.393990929, 261.942879818], [""outro"", 261.942879818, 275.017142857], [""intro"", 275.017142857, 276.638412698]]",276.64254166666666,38,Unknown,Unknown
39,datasets/audio/39.mp3,datasets/salami-data-public/annotations/39/textfile1.txt,"[[""intro"", 0.02031746, 6.992063492], [""chorus"", 6.992063492, 13.095600907], [""chorus"", 13.095600907, 19.190430839], [""verse"", 19.190430839, 25.256145124], [""chorus"", 25.256145124, 31.280589569], [""chorus"", 31.280589569, 37.335487528], [""verse"", 37.335487528, 43.522539682], [""unknown"", 43.522539682, 49.543628117], [""verse"", 49.543628117, 55.69632653], [""intro"", 55.69632653, 61.77664399], [""chorus"", 61.77664399, 67.840748299], [""intro"", 67.840748299, 73.855464852], [""verse"", 73.855464852, 79.976439909], [""unknown"", 79.976439909, 86.127437641], [""verse"", 86.127437641, 92.119501133], [""intro"", 92.119501133, 98.111678004], [""chorus"", 98.111678004, 104.101836734], [""intro"", 104.101836734, 109.999523809], [""verse"", 109.999523809, 116.215600907], [""unknown"", 116.215600907, 122.207278911], [""verse"", 122.207278911, 128.241564625], [""intro"", 128.241564625, 134.288979591], [""chorus"", 134.288979591, 140.304648526], [""intro"", 140.304648526, 146.296893424], [""verse"", 146.296893424, 152.303990929], [""unknown"", 152.303990929, 158.464512471], [""verse"", 158.464512471, 164.45648526], [""intro"", 164.45648526, 170.576825396], [""chorus"", 170.576825396, 176.48079365], [""chorus"", 176.48079365, 181.975510204], [""intro"", 181.975510204, 185.256145124], [""verse"", 185.256145124, 196.417596371]]",198.4725625,32,Unknown,Unknown
13,datasets/audio/13.mp3,datasets/salami-data-public/annotations/13/textfile1.txt,"[[""intro"", 0.139319727, 11.145578231], [""intro"", 11.145578231, 22.527528344], [""intro"", 22.527528344, 34.127959183], [""bridge"", 34.127959183, 46.039614512], [""chorus"", 46.039614512, 57.935668934], [""verse"", 57.935668934, 69.816099773], [""unknown"", 69.816099773, 81.680612244], [""chorus"", 81.680612244, 93.652108843], [""verse"", 93.652108843, 105.484240362], [""unknown"", 105.484240362, 117.427482993], [""intro"", 117.427482993, 129.331451247], [""intro"", 129.331451247, 141.107369614], [""intro"", 141.107369614, 152.890294784], [""intro"", 152.890294784, 164.787482993], [""chorus"", 164.787482993, 176.931428571], [""intro"", 176.931428571, 195.700340136], [""intro"", 195.700340136, 198.124693877]]",196.13895833333333,17,Unknown,Unknown
27,datasets/audio/27.mp3,datasets/salami-data-public/annotations/27/textfile1.txt,"[[""intro"", 0.465600907, 10.034036281], [""verse"", 10.034036281, 19.511111111], [""intro"", 19.511111111, 28.993628117], [""chorus"", 28.993628117, 38.488866213], [""bridge"", 38.488866213, 47.925056689], [""chorus"", 47.925056689, 57.461678004], [""chorus"", 57.461678004, 66.929183673], [""unknown"", 66.929183673, 76.348458049], [""unknown"", 76.348458049, 85.835623582], [""unknown"", 85.835623582, 95.141020408], [""bridge"", 95.141020408, 104.466848072], [""unknown"", 104.466848072, 113.802970521], [""unknown"", 113.802970521, 123.15585034], [""unknown"", 123.15585034, 132.358253968], [""unknown"", 132.358253968, 141.60755102], [""intro"", 141.60755102, 150.998820861], [""chorus"", 150.998820861, 160.315419501], [""unknown"", 160.315419501, 169.613424036], [""unknown"", 169.613424036, 178.798049886], [""unknown"", 178.798049886, 188.051519274], [""intro"", 188.051519274, 197.42371882], [""unknown"", 197.42371882, 206.76201814], [""unknown"", 206.76201814, 216.165011337], [""unknown"", 216.165011337, 225.509909297], [""unknown"", 225.509909297, 234.807959183], [""unknown"", 234.807959183, 244.21015873], [""intro"", 244.21015873, 253.508866213], [""verse"", 253.508866213, 262.671496598], [""verse"", 262.671496598, 276.621882086], [""intro"", 276.621882086, 278.620816326]]",278.60464583333334,30,Unknown,Unknown
64,datasets/audio/64.mp3,datasets/salami-data-public/annotations/64/textfile1.txt,"[[""intro"", 0.0, 1.578956916], [""intro"", 1.578956916, 17.146462585], [""intro"", 17.146462585, 34.946031746], [""intro"", 34.946031746, 48.654195011], [""intro"", 48.654195011, 67.33786848], [""chorus"", 67.33786848, 81.339501133], [""bridge"", 81.339501133, 97.012970521], [""verse"", 97.012970521, 116.526281179], [""chorus"", 116.526281179, 126.026870748], [""chorus"", 126.026870748, 134.399727891], [""intro"", 134.399727891, 150.950566893], [""intro"", 150.950566893, 159.252040816], [""unknown"", 159.252040816, 169.691428571], [""intro"", 169.691428571, 181.998004535], [""intro"", 181.998004535, 188.514535147], [""unknown"", 188.514535147, 197.276734693], [""bridge"", 197.276734693, 208.45956916], [""chorus"", 208.45956916, 225.58185941], [""chorus"", 225.58185941, 242.23494331], [""chorus"", 242.23494331, 251.107619047], [""chorus"", 251.107619047, 259.49217687], [""unknown"", 259.49217687, 267.79877551], [""intro"", 267.79877551, 275.78340136], [""intro"", 275.78340136, 281.518730158], [""intro"", 281.518730158, 289.529614512], [""unknown"", 289.529614512, 299.751088435], [""intro"", 299.751088435, 304.645804988], [""intro"", 304.645804988, 312.14585034], [""unknown"", 312.14585034, 319.207301587], [""unknown"", 319.207301587, 326.737346938], [""unknown"", 326.737346938, 340.970589569], [""unknown"", 340.970589569, 349.571814058], [""intro"", 349.571814058, 357.26170068], [""intro"", 357.26170068, 368.71723356], [""chorus"", 368.71723356, 380.83047619], [""intro"", 380.83047619, 388.985578231], [""unknown"", 388.985578231, 402.177188208], [""unknown"", 402.177188208, 416.778480725], [""verse"", 416.778480725, 432.437256235], [""intro"", 432.437256235, 455.23430839], [""verse"", 455.23430839, 470.901020408], [""chorus"", 470.901020408, 480.188662131], [""intro"", 480.188662131, 492.145532879], [""unknown"", 492.145532879, 502.509002267], [""chorus"", 502.509002267, 510.682108843], [""chorus"", 510.682108843, 518.854240362], [""unknown"", 518.854240362, 527.36185941], [""verse"", 527.36185941, 543.183854875], [""intro"", 543.183854875, 556.489433106], [""intro"", 556.489433106, 559.177142857]]",561.76,50,Unknown,Unknown
24,datasets/audio/24.mp3,datasets/salami-data-public/annotations/24/textfile1.txt,"[[""intro"", 0.0, 0.95201814], [""intro"", 0.95201814, 33.85648526], [""intro"", 33.85648526, 44.675192743], [""unknown"", 44.675192743, 54.868752834], [""intro"", 54.868752834, 65.034580498], [""chorus"", 65.034580498, 75.303650793], [""intro"", 75.303650793, 85.560068027], [""intro"", 85.560068027, 95.598208616], [""intro"", 95.598208616, 105.783673469], [""intro"", 105.783673469, 115.783650793], [""intro"", 115.783650793, 125.891383219], [""verse"", 125.891383219, 135.823854875], [""intro"", 135.823854875, 145.887777777], [""chorus"", 145.887777777, 155.875578231], [""verse"", 155.875578231, 165.889795918], [""intro"", 165.889795918, 175.881201814], [""intro"", 175.881201814, 186.365011337], [""intro"", 186.365011337, 200.035419501], [""intro"", 200.035419501, 202.903922902]]",202.86666666666667,19,Unknown,Unknown
116,datasets/audio/116.mp3,datasets/salami-data-public/annotations/116/textfile1.txt,"[[""intro"", 0.232199546, 16.194263038], [""verse"", 16.194263038, 30.123492063], [""chorus"", 30.123492063, 45.926235827], [""chorus"", 45.926235827, 78.970566893], [""bridge"", 78.970566893, 94.459433106], [""bridge"", 94.459433106, 116.735782312], [""verse"", 116.735782312, 131.034444444], [""verse"", 131.034444444, 147.073287981], [""chorus"", 147.073287981, 161.448163265], [""chorus"", 161.448163265, 198.266213151], [""bridge"", 198.266213151, 214.879546485], [""bridge"", 214.879546485, 239.577460317], [""intro"", 239.577460317, 272.97956916]]",273.27566666666667,13,Unknown,Unknown
60,datasets/audio/60.mp3,datasets/salami-data-public/annotations/60/textfile1.txt,"[[""intro"", 0.092879818, 16.013900226], [""intro"", 16.013900226, 31.221247165], [""intro"", 31.221247165, 44.117913832], [""intro"", 44.117913832, 64.303219954], [""intro"", 64.303219954, 78.016553287], [""intro"", 78.016553287, 92.036916099], [""intro"", 92.036916099, 96.165079365], [""intro"", 96.165079365, 101.371065759], [""intro"", 101.371065759, 106.517891156], [""intro"", 106.517891156, 111.764557823], [""intro"", 111.764557823, 119.458231292], [""intro"", 119.458231292, 122.831451247], [""intro"", 122.831451247, 135.268321995], [""intro"", 135.268321995, 158.924081632], [""outro"", 158.924081632, 181.187142857], [""intro"", 181.187142857, 194.690612244]]",193.45333333333335,16,Unknown,Unknown
162,datasets/audio/162.mp3,datasets/salami-data-public/annotations/162/textfile1.txt,"[[""intro"", 0.0, 1.502040816], [""intro"", 1.502040816, 12.43462585], [""verse"", 12.43462585, 22.779546485], [""verse"", 22.779546485, 33.175646258], [""verse"", 33.175646258, 48.928752834], [""chorus"", 48.928752834, 59.201678004], [""chorus"", 59.201678004, 77.387755102], [""verse"", 77.387755102, 87.860566893], [""verse"", 87.860566893, 95.804081632], [""verse"", 95.804081632, 103.836734693], [""chorus"", 103.836734693, 112.806621315], [""chorus"", 112.806621315, 121.33877551], [""unknown"", 121.33877551, 134.543854875], [""unknown"", 134.543854875, 150.82095238], [""unknown"", 150.82095238, 163.330612244], [""chorus"", 163.330612244, 177.632653061], [""intro"", 177.632653061, 188.995918367], [""intro"", 188.995918367, 199.375215419], [""intro"", 199.375215419, 206.057596371]]",198.69316666666666,19,Unknown,Unknown
111,datasets/audio/111.mp3,datasets/salami-data-public/annotations/111/textfile1.txt,"[[""intro"", 0.0, 0.555442176], [""verse"", 0.555442176, 10.639297052], [""chorus"", 10.639297052, 16.749319727], [""chorus"", 16.749319727, 24.241632653], [""chorus"", 24.241632653, 37.195124716], [""chorus"", 37.195124716, 49.730907029], [""chorus"", 49.730907029, 67.349841269], [""intro"", 67.349841269, 69.28015873]]",69.24,8,Unknown,Unknown
122,datasets/audio/122.mp3,datasets/salami-data-public/annotations/122/textfile1.txt,"[[""intro"", 0.487619047, 9.264761904], [""verse"", 9.264761904, 17.461405895], [""chorus"", 17.461405895, 25.390521541], [""chorus"", 25.390521541, 39.125623582], [""chorus"", 39.125623582, 42.150680272], [""unknown"", 42.150680272, 45.03526077], [""bridge"", 45.03526077, 48.003106575], [""unknown"", 48.003106575, 50.886371882], [""bridge"", 50.886371882, 53.689977324], [""unknown"", 53.689977324, 56.586145124], [""unknown"", 56.586145124, 59.596439909], [""bridge"", 59.596439909, 62.638163265], [""bridge"", 62.638163265, 65.483038548], [""unknown"", 65.483038548, 68.357165532], [""unknown"", 68.357165532, 71.310657596], [""unknown"", 71.310657596, 74.486598639], [""bridge"", 74.486598639, 77.579591836], [""unknown"", 77.579591836, 80.610884353], [""bridge"", 80.610884353, 83.5792517], [""bridge"", 83.5792517, 86.656870748], [""bridge"", 86.656870748, 89.679705215], [""bridge"", 89.679705215, 92.808072562], [""bridge"", 92.808072562, 95.847029478], [""bridge"", 95.847029478, 99.008911564], [""bridge"", 99.008911564, 102.076235827], [""unknown"", 102.076235827, 111.697142857], [""intro"", 111.697142857, 124.040997732], [""chorus"", 124.040997732, 130.681904761], [""chorus"", 130.681904761, 134.582857142], [""chorus"", 134.582857142, 138.553469387], [""chorus"", 138.553469387, 145.844535147], [""chorus"", 145.844535147, 150.455804988], [""unknown"", 150.455804988, 155.026145124], [""unknown"", 155.026145124, 159.753650793], [""unknown"", 159.753650793, 165.813696145], [""unknown"", 165.813696145, 166.978276643], [""unknown"", 166.978276643, 171.715238095], [""unknown"", 171.715238095, 176.500068027], [""unknown"", 176.500068027, 182.462970521], [""unknown"", 182.462970521, 190.171428571], [""unknown"", 190.171428571, 196.024195011], [""unknown"", 196.024195011, 201.851065759], [""unknown"", 201.851065759, 207.702494331], [""unknown"", 207.702494331, 211.324807256], [""unknown"", 211.324807256, 216.076031746], [""unknown"", 216.076031746, 220.845374149], [""unknown"", 220.845374149, 224.444081632], [""unknown"", 224.444081632, 229.093877551], [""unknown"", 229.093877551, 232.687165532], [""unknown"", 232.687165532, 238.840453514], [""intro"", 238.840453514, 254.095963718], [""intro"", 254.095963718, 257.509637188], [""unknown"", 257.509637188, 264.086666666], [""unknown"", 264.086666666, 267.805419501], [""unknown"", 267.805419501, 274.690748299], [""unknown"", 274.690748299, 279.928344671], [""unknown"", 279.928344671, 289.791564625], [""unknown"", 289.791564625, 292.548435374], [""unknown"", 292.548435374, 298.103968253], [""unknown"", 298.103968253, 304.053877551], [""unknown"", 304.053877551, 311.872834467], [""unknown"", 311.872834467, 318.942811791], [""unknown"", 318.942811791, 326.519002267], [""unknown"", 326.519002267, 333.748684807], [""unknown"", 333.748684807, 336.687505668], [""unknown"", 336.687505668, 341.082108843], [""unknown"", 341.082108843, 345.587256235], [""unknown"", 345.587256235, 350.107460317], [""unknown"", 350.107460317, 353.09893424], [""unknown"", 353.09893424, 356.170884353], [""unknown"", 356.170884353, 362.274036281], [""unknown"", 362.274036281, 364.548888888], [""unknown"", 364.548888888, 371.542494331], [""unknown"", 371.542494331, 378.020861678], [""unknown"", 378.020861678, 386.299319727], [""verse"", 386.299319727, 397.688163265], [""intro"", 397.688163265, 407.90494331], [""intro"", 407.90494331, 424.045714285]]",415.18441666666666,78,Unknown,Unknown
21,datasets/audio/21.mp3,datasets/salami-data-public/annotations/21/textfile1.txt,"[[""intro"", 0.021768707, 9.126825396], [""chorus"", 9.126825396, 16.536507936], [""chorus"", 16.536507936, 24.051768707], [""intro"", 24.051768707, 31.453469387], [""chorus"", 31.453469387, 38.882108843], [""chorus"", 38.882108843, 46.353990929], [""intro"", 46.353990929, 53.785170068], [""chorus"", 53.785170068, 61.292312925], [""chorus"", 61.292312925, 68.662222222], [""verse"", 68.662222222, 76.087845804], [""chorus"", 76.087845804, 83.738095238], [""intro"", 83.738095238, 91.053945578], [""intro"", 91.053945578, 98.559047619], [""chorus"", 98.559047619, 106.061950113], [""chorus"", 106.061950113, 113.622993197], [""verse"", 113.622993197, 120.901904761], [""chorus"", 120.901904761, 128.313741496], [""chorus"", 128.313741496, 135.584829931], [""verse"", 135.584829931, 142.911111111], [""chorus"", 142.911111111, 150.430408163], [""chorus"", 150.430408163, 157.87217687], [""verse"", 157.87217687, 165.25371882], [""chorus"", 165.25371882, 172.6692517], [""intro"", 172.6692517, 179.980748299], [""intro"", 179.980748299, 187.258820861], [""chorus"", 187.258820861, 194.622857142], [""chorus"", 194.622857142, 201.660589569], [""verse"", 201.660589569, 209.031065759], [""chorus"", 209.031065759, 216.163832199], [""intro"", 216.163832199, 223.316439909], [""intro"", 223.316439909, 230.388888888], [""chorus"", 230.388888888, 237.58340136], [""chorus"", 237.58340136, 244.901814058], [""intro"", 244.901814058, 252.277732426], [""chorus"", 252.277732426, 259.682267573], [""chorus"", 259.682267573, 266.912517006], [""verse"", 266.912517006, 274.292312925], [""chorus"", 274.292312925, 281.574897959], [""intro"", 281.574897959, 288.997369614], [""intro"", 288.997369614, 296.348253968], [""chorus"", 296.348253968, 303.752630385], [""chorus"", 303.752630385, 311.190430839], [""verse"", 311.190430839, 318.511587301], [""chorus"", 318.511587301, 325.794421768], [""intro"", 325.794421768, 333.117596371], [""intro"", 333.117596371, 340.507165532], [""chorus"", 340.507165532, 347.680861678], [""intro"", 347.680861678, 351.940498866], [""bridge"", 351.940498866, 362.33079365], [""unknown"", 362.33079365, 383.316666666]]",380.818875,50,Unknown,Unknown
51,datasets/audio/51.mp3,datasets/salami-data-public/annotations/51/textfile1.txt,"[[""intro"", 0.116099773, 7.069], [""verse"", 7.069, 9.375283446], [""verse"", 9.375283446, 17.248730158], [""chorus"", 17.248730158, 24.922811791], [""chorus"", 24.922811791, 32.74723356], [""verse"", 32.74723356, 40.538888888], [""chorus"", 40.538888888, 48.283741496], [""verse"", 48.283741496, 56.058752834], [""intro"", 56.058752834, 63.81941043], [""chorus"", 63.81941043, 71.627641723], [""intro"", 71.627641723, 79.394920634], [""verse"", 79.394920634, 87.211655328], [""chorus"", 87.211655328, 95.043424036], [""chorus"", 95.043424036, 102.770770975], [""verse"", 102.770770975, 110.579365079], [""chorus"", 110.579365079, 118.378820861], [""chorus"", 118.378820861, 126.131383219], [""chorus"", 126.131383219, 133.962834467], [""unknown"", 133.962834467, 141.714761904], [""unknown"", 141.714761904, 143.689024943], [""verse"", 143.689024943, 151.412426303], [""chorus"", 151.412426303, 159.130816326], [""verse"", 159.130816326, 166.810839002], [""intro"", 166.810839002, 174.395351473], [""chorus"", 174.395351473, 182.026848072], [""intro"", 182.026848072, 189.446417233], [""verse"", 189.446417233, 197.114875283], [""chorus"", 197.114875283, 204.715124716], [""chorus"", 204.715124716, 212.362743764], [""chorus"", 212.362743764, 219.970884353], [""verse"", 219.970884353, 227.594693877], [""intro"", 227.594693877, 241.370748299], [""intro"", 241.370748299, 243.838163265]]",233.89866666666666,33,Unknown,Unknown
10,datasets/audio/10.mp3,datasets/salami-data-public/annotations/10/textfile1.txt,"[[""intro"", 0.223492063, 13.529160997], [""verse"", 13.529160997, 26.809024943], [""chorus"", 26.809024943, 39.978911564], [""chorus"", 39.978911564, 53.162222222], [""intro"", 53.162222222, 66.339727891], [""chorus"", 66.339727891, 79.588526077], [""intro"", 79.588526077, 92.820453514], [""intro"", 92.820453514, 106.015396825], [""chorus"", 106.015396825, 119.207777777], [""intro"", 119.207777777, 132.316916099], [""chorus"", 132.316916099, 145.625374149], [""bridge"", 145.625374149, 158.831224489], [""intro"", 158.831224489, 172.03600907], [""intro"", 172.03600907, 185.254580498], [""unknown"", 185.254580498, 198.422312925], [""chorus"", 198.422312925, 211.613809523], [""chorus"", 211.613809523, 224.810566893], [""intro"", 224.810566893, 238.048888888], [""chorus"", 238.048888888, 251.203650793], [""bridge"", 251.203650793, 264.395895691], [""intro"", 264.395895691, 277.775170068], [""bridge"", 277.775170068, 290.827369614], [""intro"", 290.827369614, 314.269342403]]",315.025125,23,Unknown,Unknown
112,datasets/audio/112.mp3,datasets/salami-data-public/annotations/112/textfile1.txt,"[[""verse"", 0.417959183, 4.668662131], [""chorus"", 4.668662131, 9.055782312], [""chorus"", 9.055782312, 15.18585034], [""chorus"", 15.18585034, 19.947120181], [""chorus"", 19.947120181, 24.268367346], [""chorus"", 24.268367346, 28.780566893], [""verse"", 28.780566893, 33.181315192], [""unknown"", 33.181315192, 38.939863945], [""bridge"", 38.939863945, 43.944648526], [""unknown"", 43.944648526, 50.782040816], [""unknown"", 50.782040816, 56.935328798], [""unknown"", 56.935328798, 64.553151927], [""unknown"", 64.553151927, 68.372448979], [""unknown"", 68.372448979, 76.697097505], [""unknown"", 76.697097505, 84.79861678], [""unknown"", 84.79861678, 92.481224489], [""unknown"", 92.481224489, 99.965147392], [""unknown"", 99.965147392, 106.58909297], [""unknown"", 106.58909297, 112.906190476], [""unknown"", 112.906190476, 119.88462585], [""verse"", 119.88462585, 128.012653061], [""unknown"", 128.012653061, 131.993151927], [""unknown"", 131.993151927, 139.623832199], [""chorus"", 139.623832199, 143.65430839], [""chorus"", 143.65430839, 147.330612244], [""chorus"", 147.330612244, 152.984240362], [""verse"", 152.984240362, 159.293786848], [""verse"", 159.293786848, 164.49015873], [""unknown"", 164.49015873, 174.695238095], [""verse"", 174.695238095, 182.253424036], [""intro"", 182.253424036, 187.611428571]]",187.895875,31,Unknown,Unknown
79,datasets/audio/79.mp3,datasets/salami-data-public/annotations/79/textfile1.txt,"[[""intro"", 0.208752834, 15.281632653], [""verse"", 15.281632653, 30.366349206], [""chorus"", 30.366349206, 45.260408163], [""chorus"", 45.260408163, 60.294126984], [""bridge"", 60.294126984, 70.968956916], [""unknown"", 70.968956916, 82.15510204], [""intro"", 82.15510204, 114.103424036], [""intro"", 114.103424036, 121.764217687]]",121.70666666666666,8,Unknown,Unknown
120,datasets/audio/120.mp3,datasets/salami-data-public/annotations/120/textfile1.txt,"[[""intro"", 0.0, 0.882358276], [""intro"", 0.882358276, 10.950748299], [""verse"", 10.950748299, 22.761836734], [""chorus"", 22.761836734, 35.944489795], [""chorus"", 35.944489795, 47.55446712], [""verse"", 47.55446712, 64.644353741], [""chorus"", 64.644353741, 78.984489795], [""verse"", 78.984489795, 101.982040816], [""intro"", 101.982040816, 108.53877551]]",108.878375,9,Unknown,Unknown
114,datasets/audio/114.mp3,datasets/salami-data-public/annotations/114/textfile1.txt,"[[""intro"", 0.371519274, 11.054557823], [""chorus"", 11.054557823, 31.904217687], [""unknown"", 31.904217687, 39.520362811], [""chorus"", 39.520362811, 62.306507936], [""bridge"", 62.306507936, 75.186213151], [""unknown"", 75.186213151, 89.160430839], [""verse"", 89.160430839, 99.542086167], [""chorus"", 99.542086167, 121.230770975], [""unknown"", 121.230770975, 127.918594104], [""chorus"", 127.918594104, 150.97], [""bridge"", 150.97, 163.70292517], [""unknown"", 163.70292517, 177.453446712], [""verse"", 177.453446712, 190.361405895], [""unknown"", 190.361405895, 208.468752834], [""unknown"", 208.468752834, 220.125170068], [""unknown"", 220.125170068, 228.740362811], [""verse"", 228.740362811, 251.743900226], [""bridge"", 251.743900226, 273.159546485], [""intro"", 273.159546485, 289.459954648], [""intro"", 289.459954648, 297.85786848]]",304.7154791666667,20,Unknown,Unknown
43,datasets/audio/43.mp3,datasets/salami-data-public/annotations/43/textfile1.txt,"[[""intro"", 0.431383219, 6.953514739], [""verse"", 6.953514739, 12.931405895], [""chorus"", 12.931405895, 18.790385487], [""verse"", 18.790385487, 24.691746031], [""chorus"", 24.691746031, 30.64201814], [""verse"", 30.64201814, 36.583741496], [""verse"", 36.583741496, 42.399319727], [""verse"", 42.399319727, 48.201609977], [""chorus"", 48.201609977, 54.055442176], [""verse"", 54.055442176, 59.831564625], [""chorus"", 59.831564625, 65.67], [""verse"", 65.67, 71.461995464], [""intro"", 71.461995464, 77.261791383], [""verse"", 77.261791383, 83.055827664], [""chorus"", 83.055827664, 88.76770975], [""verse"", 88.76770975, 94.545986394], [""chorus"", 94.545986394, 100.26185941], [""intro"", 100.26185941, 105.998888888], [""verse"", 105.998888888, 111.798276643], [""verse"", 111.798276643, 117.490045351], [""chorus"", 117.490045351, 123.206054421], [""verse"", 123.206054421, 128.896145124], [""chorus"", 128.896145124, 134.581904761], [""verse"", 134.581904761, 140.217573696], [""verse"", 140.217573696, 151.534104308], [""intro"", 151.534104308, 153.939614512]]",153.69333333333333,26,Unknown,Unknown
12,datasets/audio/12.mp3,datasets/salami-data-public/annotations/12/textfile1.txt,"[[""intro"", 0.0, 1.608163265], [""verse"", 1.608163265, 13.648979591], [""chorus"", 13.648979591, 22.73877551], [""bridge"", 22.73877551, 31.391836734], [""unknown"", 31.391836734, 40.330612244], [""unknown"", 40.330612244, 48.15510204], [""unknown"", 48.15510204, 57.404081632], [""unknown"", 57.404081632, 66.35510204], [""intro"", 66.35510204, 74.444897959], [""unknown"", 74.444897959, 83.53877551], [""unknown"", 83.53877551, 92.95510204], [""unknown"", 92.95510204, 101.710204081], [""unknown"", 101.710204081, 111.299455782], [""unknown"", 111.299455782, 125.0], [""verse"", 125.0, 134.873469387], [""outro"", 134.873469387, 143.995918367], [""unknown"", 143.995918367, 153.404081632], [""unknown"", 153.404081632, 163.387755102], [""unknown"", 163.387755102, 172.167346938], [""unknown"", 172.167346938, 181.861224489], [""unknown"", 181.861224489, 191.991836734], [""unknown"", 191.991836734, 202.726825396], [""verse"", 202.726825396, 209.293877551], [""unknown"", 209.293877551, 219.889795918], [""unknown"", 219.889795918, 229.014829931], [""unknown"", 229.014829931, 238.636734693], [""verse"", 238.636734693, 261.240816326], [""intro"", 261.240816326, 262.304489795]]",262.56,28,Unknown,Unknown
75,datasets/audio/75.mp3,datasets/salami-data-public/annotations/75/textfile2.txt,"[[""intro"", 0.116099773, 4.179591836], [""intro"", 4.179591836, 10.19356009], [""intro"", 10.19356009, 18.348798185], [""intro"", 18.348798185, 26.543015873], [""verse"", 26.543015873, 30.534240362], [""intro"", 30.534240362, 43.025532879], [""intro"", 43.025532879, 55.68941043], [""chorus"", 55.68941043, 68.220226757], [""intro"", 68.220226757, 80.759002267], [""intro"", 80.759002267, 88.81632653], [""chorus"", 88.81632653, 97.268390022], [""intro"", 97.268390022, 105.469659863], [""intro"", 105.469659863, 112.431020408], [""intro"", 112.431020408, 119.768526077], [""chorus"", 119.768526077, 128.011609977], [""intro"", 128.011609977, 136.096281179], [""verse"", 136.096281179, 140.132426303], [""intro"", 140.132426303, 152.531882086], [""intro"", 152.531882086, 160.601088435]]",160.56,19,Unknown,Unknown
155,datasets/audio/155.mp3,datasets/salami-data-public/annotations/155/textfile1.txt,"[[""intro"", 0.0, 1.03494331], [""verse"", 1.03494331, 21.420408163], [""chorus"", 21.420408163, 44.90739229], [""chorus"", 44.90739229, 53.870294784], [""bridge"", 53.870294784, 65.201632653], [""unknown"", 65.201632653, 88.274716553], [""chorus"", 88.274716553, 100.310204081], [""bridge"", 100.310204081, 114.281836734], [""unknown"", 114.281836734, 137.710612244], [""bridge"", 137.710612244, 161.175510204], [""unknown"", 161.175510204, 179.488412698], [""unknown"", 179.488412698, 202.448979591], [""intro"", 202.448979591, 221.89430839], [""chorus"", 221.89430839, 246.987755102], [""intro"", 246.987755102, 249.835351473]]",250.020875,15,Unknown,Unknown
54,datasets/audio/54.mp3,datasets/salami-data-public/annotations/54/textfile1.txt,"[[""intro"", 0.383673469, 3.910680272], [""intro"", 3.910680272, 7.13340136], [""verse"", 7.13340136, 10.197981859], [""verse"", 10.197981859, 13.358730158], [""intro"", 13.358730158, 16.389818594], [""verse"", 16.389818594, 19.525306122], [""verse"", 19.525306122, 22.566870748], [""verse"", 22.566870748, 25.742539682], [""verse"", 25.742539682, 28.718888888], [""verse"", 28.718888888, 31.901791383], [""verse"", 31.901791383, 34.939954648], [""verse"", 34.939954648, 37.982199546], [""verse"", 37.982199546, 41.03786848], [""verse"", 41.03786848, 44.20739229], [""verse"", 44.20739229, 47.141950113], [""verse"", 47.141950113, 50.214421768], [""verse"", 50.214421768, 53.158911564], [""verse"", 53.158911564, 56.226938775], [""verse"", 56.226938775, 59.230362811], [""verse"", 59.230362811, 62.225691609], [""verse"", 62.225691609, 65.246258503], [""verse"", 65.246258503, 68.335804988], [""intro"", 68.335804988, 71.505918367], [""intro"", 71.505918367, 74.633061224], [""verse"", 74.633061224, 77.813832199], [""verse"", 77.813832199, 80.899070294], [""verse"", 80.899070294, 83.990090702], [""verse"", 83.990090702, 87.058752834], [""intro"", 87.058752834, 90.202743764], [""intro"", 90.202743764, 93.226349206], [""verse"", 93.226349206, 96.255306122], [""verse"", 96.255306122, 99.302154195], [""verse"", 99.302154195, 102.325827664], [""verse"", 102.325827664, 105.346575963], [""verse"", 105.346575963, 108.410725623], [""verse"", 108.410725623, 111.442721088], [""verse"", 111.442721088, 114.41861678], [""verse"", 114.41861678, 117.431088435], [""intro"", 117.431088435, 120.453492063], [""intro"", 120.453492063, 123.490770975], [""verse"", 123.490770975, 126.521927437], [""verse"", 126.521927437, 129.659727891], [""verse"", 129.659727891, 132.86664399], [""intro"", 132.86664399, 136.844331065], [""intro"", 136.844331065, 139.83324263], [""verse"", 139.83324263, 142.960498866], [""verse"", 142.960498866, 146.045238095], [""verse"", 146.045238095, 149.228843537], [""verse"", 149.228843537, 152.358004535], [""intro"", 152.358004535, 155.421519274], [""intro"", 155.421519274, 158.472653061], [""verse"", 158.472653061, 161.507369614], [""intro"", 161.507369614, 171.348480725], [""verse"", 171.348480725, 174.910566893], [""intro"", 174.910566893, 178.322154195]]",175.75183673469388,55,Unknown,Unknown
173,datasets/audio/173.mp3,datasets/salami-data-public/annotations/173/textfile1.txt,"[[""intro"", 0.0, 1.289795918], [""intro"", 1.289795918, 8.902766439], [""verse"", 8.902766439, 16.292947845], [""intro"", 16.292947845, 23.5730839], [""intro"", 23.5730839, 31.091315192], [""chorus"", 31.091315192, 38.449002267], [""intro"", 38.449002267, 46.706235827], [""intro"", 46.706235827, 53.962131519], [""unknown"", 53.962131519, 60.263900226], [""intro"", 60.263900226, 74.799591836], [""intro"", 74.799591836, 84.497414965], [""chorus"", 84.497414965, 89.098231292], [""unknown"", 89.098231292, 97.98031746], [""unknown"", 97.98031746, 104.976054421], [""unknown"", 104.976054421, 110.476916099], [""unknown"", 110.476916099, 119.463514739], [""verse"", 119.463514739, 126.720249433], [""intro"", 126.720249433, 140.567845804], [""unknown"", 140.567845804, 156.85079365], [""unknown"", 156.85079365, 166.323764172], [""unknown"", 166.323764172, 183.902040816], [""unknown"", 183.902040816, 208.871678004], [""unknown"", 208.871678004, 217.943854875], [""intro"", 217.943854875, 229.750362811], [""intro"", 229.750362811, 232.069682539]]",231.9994375,25,Unknown,Unknown
140,datasets/audio/140.mp3,datasets/salami-data-public/annotations/140/textfile1.txt,"[[""intro"", 0.441179138, 6.737687074], [""chorus"", 6.737687074, 12.680385487], [""verse"", 12.680385487, 18.625328798], [""chorus"", 18.625328798, 24.707074829], [""intro"", 24.707074829, 30.586553287], [""chorus"", 30.586553287, 36.482857142], [""intro"", 36.482857142, 42.373129251], [""chorus"", 42.373129251, 48.305941043], [""bridge"", 48.305941043, 52.916825396], [""unknown"", 52.916825396, 59.166712018], [""bridge"", 59.166712018, 64.926507936], [""bridge"", 64.926507936, 71.08324263], [""intro"", 71.08324263, 78.275986394], [""intro"", 78.275986394, 84.178820861], [""chorus"", 84.178820861, 90.187278911], [""verse"", 90.187278911, 96.23462585], [""chorus"", 96.23462585, 106.429047619], [""intro"", 106.429047619, 111.089727891]]",108.13333333333334,18,Unknown,Unknown
154,datasets/audio/154.mp3,datasets/salami-data-public/annotations/154/textfile1.txt,"[[""intro"", 0.195918367, 4.678820861], [""chorus"", 4.678820861, 8.736507936], [""verse"", 8.736507936, 12.75356009], [""chorus"", 12.75356009, 16.770612244], [""chorus"", 16.770612244, 19.504761904], [""bridge"", 19.504761904, 21.791927437], [""verse"", 21.791927437, 24.827936507], [""chorus"", 24.827936507, 28.903038548], [""chorus"", 28.903038548, 31.619773242], [""bridge"", 31.619773242, 34.191383219], [""verse"", 34.191383219, 36.867482993], [""chorus"", 36.867482993, 40.890340136], [""chorus"", 40.890340136, 43.557845804], [""unknown"", 43.557845804, 47.488140589], [""unknown"", 47.488140589, 50.105759637], [""unknown"", 50.105759637, 55.698866213], [""verse"", 55.698866213, 58.760566893], [""chorus"", 58.760566893, 62.072743764], [""intro"", 62.072743764, 67.493968253], [""unknown"", 67.493968253, 75.476780045], [""unknown"", 75.476780045, 82.018684807], [""verse"", 82.018684807, 86.43047619], [""chorus"", 86.43047619, 90.493968253], [""chorus"", 90.493968253, 93.268752834], [""bridge"", 93.268752834, 95.817142857], [""verse"", 95.817142857, 98.5830839], [""chorus"", 98.5830839, 101.871746031], [""bridge"", 101.871746031, 106.289342403], [""unknown"", 106.289342403, 112.059501133], [""unknown"", 112.059501133, 116.053333333], [""unknown"", 116.053333333, 120.185714285], [""unknown"", 120.185714285, 123.731337868], [""outro"", 123.731337868, 128.957097505], [""outro"", 128.957097505, 136.811904761], [""verse"", 136.811904761, 141.281814058], [""chorus"", 141.281814058, 145.264036281], [""chorus"", 145.264036281, 147.9430839], [""bridge"", 147.9430839, 150.564421768], [""chorus"", 150.564421768, 153.293514739], [""unknown"", 153.293514739, 157.636598639], [""unknown"", 157.636598639, 169.589160997], [""verse"", 169.589160997, 172.636734693], [""chorus"", 172.636734693, 176.029365079], [""intro"", 176.029365079, 181.173696145], [""unknown"", 181.173696145, 189.544489795], [""intro"", 189.544489795, 200.111269841], [""intro"", 200.111269841, 203.658866213]]",202.25333333333333,47,Unknown,Unknown
